<?xml version="1.0" encoding="iso-8859-1"?>
<install type="module" version="1.5.0">
  <name>Anti Right Click (Hide this by setting Show Title to No in the Module Manager)</name>
  <author>Salocin.TEN</author>
  <creationDate>August 2008</creationDate>
  <copyright>Some parts Copyright Salocin.TEN. Others by www.dynamicdrive.com</copyright>
  <license>http://www.gnu.org/copyleft/gpl.html GNU/GPL</license>
  <authorEmail>www.salocinten.info/contact</authorEmail>
  <authorUrl>www.salocinten.info</authorUrl>
  <version>1.5</version>
  <creationDate>21 Aug 2008</creationDate>
  <description>This is a very simple module that on activation, blocks the right mouse click browser context menu from your Website. Once this is installed, head straight to the Module Manager, set Show Title to "No" and place this in the physically HIGHEST MODULE POSITION available. You can check the module layout first for the places by previewing your site with module positions.</description>
  <files>
    <filename module="mod_norightclick15">mod_norightclick15.php</filename>
	<filename>index.html</filename>
	<filename>helper.php</filename>
	<filename>tmpl/default.php</filename>
	<filename>tmpl/index.html</filename>
  </files>
  <params>
  </params>
</install>